시간,규모,진앙(km),위도,경도,위치
2016-08-20 12:18:21,3.0,7,38.38,128.09,북한 강원도 양구군 북북동쪽 32km 지역
2016-09-12 19:44:32,5.1,15,35.77,129.19,경북 경주시 남남서쪽 8.2km 지역
2016-09-12 19:48:03,3.1,16,35.77,129.19,경북 경주시 남남서쪽 8km 지역
2016-09-12 20:10:50,3.1,18,35.77,129.18,경북 경주시 남남서쪽 8km 지역
2016-09-12 20:32:54,5.8,15,35.76,129.19,경북 경주시 남남서쪽 8.7km 지역
2016-09-12 20:34:22,3.6,12,35.78,129.19,경북 경주시 남남서쪽 7km 지역
2016-09-12 20:36:00,3.4,13,35.75,129.18,경북 경주시 남남서쪽 10km 지역
2016-09-12 20:38:32,3.0,15,35.78,129.20,경북 경주시 남남서쪽 7km 지역
2016-09-12 20:39:35,3.0,16,35.77,129.19,경북 경주시 남남서쪽 8km 지역
2016-09-12 20:40:40,3.0,17,35.76,129.18,경북 경주시 남남서쪽 9km 지역
2016-09-12 23:18:27,3.0,17,35.76,129.17,경북 경주시 남남서쪽 8km 지역
2016-09-12 23:52:30,3.1,18,35.75,129.18,경북 경주시 남남서쪽 10km 지역
2016-09-13 00:37:10,3.1,19,35.78,129.21,경북 경주시 남쪽 6km 지역
2016-09-13 08:24:47,3.2,14,35.76,129.17,경북 경주시 남남서쪽 10km 지역
2016-09-13 14:31:42,3.0,14,35.76,129.18,경북 경주시 남남서쪽 9km 지역
2016-09-14 00:48:41,3.0,13,35.75,129.18,경북 경주시 남남서쪽 11km 지역
2016-09-19 20:33:58,4.5,14,35.74,129.18,경북 경주시 남남서쪽 11km 지역
2016-09-21 11:53:54,3.5,18,35.75,129.18,경북 경주시 남남서쪽 10km 지역
2016-09-28 16:34:30,3.1,13,35.76,129.18,경북 경주시 남남서쪽 9km 지역
2016-10-02 20:53:07,3.0,18,35.75,129.19,경북 경주시 남남서쪽10km 지역
2016-10-10 22:59:10,3.3,17,35.75,129.18,경북 경주시 남남서쪽 10km 지역
2016-11-06 06:26:22,3.5,12,33.76,125.07,전남 신안군 흑산면 남남서쪽 106km 해역
2016-11-13 21:52:57,3.5,10,36.36,126.63,충남 보령시 북북동쪽 4km 지역
2016-12-12 17:53:17,3.3,16,35.76,129.18,경북 경주시 남남서쪽 9km 지역
2016-12-14 17:20:34,3.3,12,35.76,129.17,경북 경주시 남남서쪽 10km 지역
2017-01-06 05:31:13,3.3,12,35.75,129.17,경북 경주시 남남서쪽 11km 지역
2017-02-23 21:03:51,3.1,7,37.40,124.89,인천 옹진군 백령도 남남동쪽 64km 해역
2017-03-05 09:18:27,3.2,13,37.75,129.66,강원 동해시 동북동쪽 54km 해역
2017-03-31 13:46:09,3.3,17,35.78,129.20,경북 경주시 남남서쪽 7km 지역
2017-04-15 11:31:13,3.1,13,36.11,129.36,경북 포항시 북구 북쪽 8km 지역
2017-04-20 16:00:21,3.2,0,33.77,127.28,전남 여수시 거문도 남쪽 29km 해역
2017-05-05 23:16:21,3.0,11,35.32,127.43,전남 구례군 북북서쪽 13km 지역
2017-05-25 11:20:07,3.0,24,36.96,124.40,충남 태안군 서격렬비도 서북서쪽 109km 해역
2017-09-11 17:25:57,3.2,0,35.29,124.16,전남 신안군 흑산면 서북서쪽 139km 해역
2017-09-23 17:29:16,3.2,0,41.35,129.06,북한 함경북도 길주 북북서쪽 49km 지역
2017-11-15 14:29:31,5.4,7,36.11,129.37,경북 포항시 북구 북쪽 8km 지역
2017-11-15 14:32:59,3.6,8,36.10,129.36,경북 포항시 북구 북쪽 7km 지역
2017-11-15 15:09:49,3.5,8,36.09,129.34,경북 포항시 북구 북북서쪽 6km 지역
2017-11-15 16:49:30,4.3,10,36.12,129.36,경북 포항시 북구 북쪽 9km 지역
2017-11-16 09:02:42,3.6,8,36.12,129.37,경북 포항시 북구 북쪽 8km 지역
2017-11-19 23:45:47,3.5,9,36.12,129.36,경북 포항시 북구 북쪽 9km 지역
2017-11-20 06:05:15,3.6,12,36.14,129.36,경북 포항시 북구 북쪽 11km 지역
2017-12-09 15:13:35,3.0,16,41.32,129.10,북한 함경북도 길주 북북서쪽 45km 지역
2017-12-25 16:19:22,3.5,10,36.11,129.36,경북 포항시 북구 북쪽 8km 지역
2018-01-28 20:07:06,3.2,6,40.24,127.30,북한 함경남도 장진 남남동쪽 16km 지역
2018-02-11 05:03:03,4.6,14,36.08,129.33,경북 포항시 북구 북서쪽 5km 지역
2018-11-05 12:01:55,3.2,2,37.80,124.90,북한 황해남도 용연 남쪽 40km 해역
2018-11-05 12:07:15,3.1,15,37.85,124.87,북한 황해남도 용연 남쪽 35km 해역
2018-11-29 03:05:23,3.3,13,34.94,124.53,전남 신안군 흑산도 서북서쪽 92km 해역
2019-01-01 06:49:51,3.1,19,36.53,129.66,경북 영덕군 동북동쪽 29km 해역
2019-01-09 03:10:23,3.7,18,37.37,124.23,인천 옹진군 백령도 남남서쪽 76km 해역
2019-02-10 12:53:38,4.1,21,36.16,129.90,경북 포항시 북구 동북동쪽 50km 해역
2019-04-19 11:16:43,4.3,32,37.88,129.54,강원 동해시 북동쪽 54km 해역
2019-04-22 05:45:19,3.8,21,36.86,129.80,경북 울진군 동남동쪽 38km 해역
2019-05-16 00:35:45,3.3,5,39.15,126.47,북한 평안남도 양덕 서남서쪽 16km 지역
2019-06-22 05:49:36,3.4,3,38.81,125.70,북한 황해북도 송림 북동쪽 10km 지역
2019-06-23 05:26:22,3.4,3,38.81,125.70,북한 황해북도 송림 북동쪽 10km 지역
2019-06-27 15:19:51,3.9,2,38.80,125.69,북한 황해북도 송림 북동쪽 9km 지역
2019-07-21 11:04:18,3.9,14,36.50,128.10,경북 상주시 북북서쪽 11km 지역
2019-09-21 15:11:16,3.5,17,38.67,127.17,북한 강원 평강 북북서쪽 31km 지역
2019-09-22 11:07:27,3.3,17,34.16,125.16,전남 신안군 흑산도 남남서쪽 62km 해역
2019-10-27 15:37:26,3.4,11,35.41,128.49,경남 창녕군 남쪽 15km 지역
2019-12-30 00:32:08,3.5,20,35.56,128.90,경남 밀양시 동북동쪽 15km 지역
2020-01-30 00:52:52,3.2,21,36.59,128.12,경북 상주시 북쪽 20km 지역
2020-05-03 22:07:14,3.1,21,34.66,126.40,전남 해남군 서북서쪽 21km 지역
2020-05-11 19:45:06,3.8,16,38.68,127.18,북한 강원 평강 북북서쪽 32km 지역
2020-07-07 14:08:23,3.3,12,37.19,125.55,인천 옹진군 연평도 남남서쪽 54km 해역
2020-11-19 23:17:28,3.1,15,37.99,125.37,북한 황해남도 옹진 북쪽 7km 지역
2021-02-08 03:37:34,3.2,24,40.67,127.45,북한 함경남도 장진 북북동쪽 37km 지역
2021-04-19 14:20:27,3.7,15,35.07,125.08,전남 신안군 흑산도 북서쪽 54km 해역
2021-08-21 09:40:40,4.0,7,35.70,124.70,전북 군산시 어청도 서남서쪽 124km 해역
2021-12-14 17:19:14,4.9,17,33.09,126.16,제주 서귀포시 서남서쪽 41km 해역
2021-12-17 06:22:10,3.2,18,33.12,126.18,제주 서귀포시 서남서쪽 38km 해역
2022-02-11 10:35:26,3.1,17,41.30,129.21,북한 함경북도 길주 북북서쪽 40km 지역
2022-04-10 02:45:46,3.4,18,36.45,129.62,경북 영덕군 동쪽 23km 해역
2022-08-03 07:55:25,3.1,8,33.14,127.67,전남 여수시 거문도 남남동쪽 104km 해역
2022-09-10 14:59:48,3.4,7,38.95,127.29,북한 강원 원산 남남서쪽 26km 지역
2022-10-29 08:27:33,3.5,13,36.88,127.88,충북 괴산군 북동쪽 11km 지역
2022-10-29 08:27:49,4.1,12,36.88,127.88,충북 괴산군 북동쪽 11km 지역
2022-11-20 01:01:17,3.3,20,33.96,125.22,전남 신안군 흑산도 남남서쪽 81km 해역
2022-12-01 15:17:58,3.2,14,36.17,128.27,경북 김천시 동북동쪽 14km 지역
2023-01-09 01:28:15,3.7,19,37.74,126.20,인천 강화군 서쪽 25km 해역
2023-03-03 11:26:54,3.0,8,35.21,127.94,경남 진주시 서북서쪽 16km 지역
2023-04-25 12:02:50,3.1,28,37.87,129.52,강원 동해시 북동쪽 52km 해역
2023-04-25 15:55:55,3.5,33,37.86,129.49,강원 동해시 북동쪽 50km 해역
2023-04-30 19:03:29,3.1,6,36.32,127.75,충북 옥천군 동쪽 16km 지역
2023-05-14 08:35:25,3.1,30,37.86,129.51,강원 동해시 북동쪽 51km 해역
2023-05-15 06:27:37,4.5,31,37.87,129.52,강원 동해시 북동쪽 52km 해역
2023-06-16 06:03:01,3.1,25,34.02,124.80,전남 신안군 흑산도 남서쪽 92km 해역
2023-07-03 10:04:38,3.3,14,41.30,129.12,북한 함경북도 길주 북북서쪽 42km 지역
2023-07-29 19:07:59,3.5,6,35.80,127.53,전북 장수군 북쪽 17km 지역
2023-09-27 00:48:43,3.2,6,41.33,129.16,북한 함경북도 길주 북북서쪽 44km 지역
2023-10-10 00:20:28,3.1,13,36.18,124.42,충남 태안군 서격렬비도 서남서쪽 111km 해역
2023-10-25 21:46:30,3.4,12,36.35,127.05,충남 공주시 남남서쪽 12km 지역
2023-11-30 04:55:24,4.0,12,35.79,129.42,경북 경주시 동남동쪽 19km 지역
2023-12-04 02:28:02,3.1,22,41.30,129.15,북한 함경북도 길주 북북서쪽 41km 지역
2023-12-23 04:34:05,3.0,6,35.80,127.53,전북 장수군 북쪽 17km 지역
2024-01-31 17:36:22,3.8,15,32.59,125.53,제주 서귀포시 이어도 북북동쪽 61km 해역
2024-06-12 08:26:49,4.8,8,35.70,126.72,전북 부안군 남남서쪽 4km 지역
2024-06-12 13:55:42,3.1,8,35.70,126.73,전북 부안군 남쪽 4km 지역
2024-08-01 08:34:12,3.0,9,38.76,125.89,북한 황해북도 송림 동쪽 22km 지역
2024-08-25 23:28:19,3.0,24,37.86,129.52,강원 동해시 북동쪽 52km 해역
2024-09-19 19:41:22,3.8,8,40.31,126.88,북한 평안남도 대흥 북쪽 25km 지역
2024-11-09 13:23:12,3.1,11,41.27,129.19,북한 함경북도 길주 북북서쪽 37km 지역
2025-02-07 02:35:34,3.1,9,37.14,127.76,충북 충주시 북서쪽 22km 지역
2025-05-05 07:53:59,3.7,14,37.12,125.94,충남 태안군 북서쪽 52km 해역
2025-05-10 13:19:00,3.3,9,38.14,127.09,경기 연천군 북북동쪽 5km 지역
2025-10-08 11:49:39,3.1,9,36.28,127.76,충북 옥천군 동쪽 17km 지역
2026-02-15 04:13:38,3.0,9,38.13,127.10,경기 연천군 북북동쪽 4km 지역
2026-03-07 10:06:59,3.0,22,35.46,125.82,전남 영광군 서북서쪽 66km 해역
2026-03-11 18:05:49,3.1,16,37.44,129.83,강원 삼척시 동쪽 59km 해역
